{
    "attribute_sort": false,
    "attribute_sort_list": [],
    "brace_line": false,
    "brace_padding": false,
    "brace_style": "none",
    "braces": false,
    "case_space": false,
    "color": "white",
    "comment_line": false,
    "comments": false,
    "complete_document": false,
    "compressed_css": false,
    "conditional": false,
    "correct": false,
    "crlf": false,
    "css_insert_lines": false,
    "else_line": false,
    "end_comma": "never",
    "force_attribute": false,
    "force_indent": false,
    "format_array": "default",
    "format_object": "default",
    "function_name": false,
    "indent_char": " ",
    "indent_level": 0,
    "indent_size": 4,
    "jsscope": "none",
    "language": "auto",
    "language_default": "text",
    "language_name": "JavaScript",
    "lexer": "auto",
    "method_chain": 3,
    "minify_keep_comments": false,
    "minify_wrap": false,
    "never_flatten": false,
    "new_line": false,
    "no_case_indent": false,
    "no_lead_zero": false,
    "no_semicolon": false,
    "object_sort": false,
    "preserve": 0,
    "preserve_comment": false,
    "preserve_text": false,
    "quote_convert": "none",
    "selector_list": false,
    "space": true,
    "space_close": false,
    "styleguide": "none",
    "tag_merge": false,
    "tag_sort": false,
    "ternary_line": false,
    "top_comments": false,
    "unformatted": false,
    "variable_list": "none",
    "vertical": false,
    "wrap": 0
}
